post.ID,Caption,Likes
3110459107111173370,"Berdasarkan survei elektabilitas capres yang dirilis oleh Litbang Kompas sejak tahun 2022 hingga Mei 2023 ini, Anies Baswedan konsisten menempati posisi nomor urut ketiga di bawah Ganjar Pranowo dan Prabowo Subianto. Tidak ada perubahan yang signifikan jika dilihat dari rentang pergeseran angka elektabilitas tiap periode surveinya. Berbeda dengan capres lainnya, dalam simulasi tiga nama, Anies tidak pernah mencapai angka elektabilitas 30 persen sama sekali.

Menurut beberapa pengamat politik, hal ini disebabkan oleh beberapa faktor, di antaranya terkait konsep perubahan yang belum secara jelas diungkapkannya, belum dideklarasikannya cawapres pendamping, adanya perubahan soliditas basis massa partai, elektabilitas yang berbanding terbalik dengan approval rating Presiden Jokowi, hingga penilaian Anies sebagai antitesis Jokowi.

#SurveiCapres2024 #AniesBaswedan #SurveiLitbangKompas #Pemilu2024 #Asumsico",5748
Username,Comment
aditya.sanchez,Karena Anies bisa menang di Jakarta saja karena alasanya Ahok kena kasus. Bukan karena beliau dinilai lebih baik memimpin jakarta ketimbang Ahok. Sudahlah jujur2an saja memang seperti itu keadaanya. Tapi syukur masyarakat sekarang lebih pintar. Saya rasa tanpa isu agama dulu Anies bakal susah untuk menang. Program yg terealisasikan dengan tidak bisa dilihat datanya.
radenadindaaa,"Posisi ketiga terus, tapi kayaknya dijegal terus... kayak, why??? ğŸ˜‚"
imamdjamaludin,"Hasil survey litbang kompas sebelum pilkada dki, ahy-silvi 37%, ahok-jarot 33%, anies-sandi 17% ğŸ˜‚ğŸ˜‚ğŸ˜‚ silahkan saja percaya survey biar hidup tambah ceria. ğŸ˜‚ğŸ˜‚ğŸ˜‚"
fajar_ghosyiah,"Heh,wowkwowk waktu pilgub jakarta juga peringkat 3 muluğŸ˜‚ jadi jadi aja"
sigitpurwaginanjar99,"Menang survei kok bangga.. liat aja dilapangan, masyarakat Sdh mulai cerdas"
2ndndnd_,"pernyataan seperti ini, jadi keinget sama pernyataan para pakar dan juga media soal pesimis nya formula E dapat digelar dalam jangka waktu 3 bulan.. padahal tinggal menikmati proses, nanti tanggal mainnya juga ada, kompetisi itu ga gegabah, harus secara matang dipikirkan.. saya yg mendukung anies aja ga ikutan satupun survei buat milih anies, karna buangÂ² waktu"
lagimanberly,Tiga aja di jegal di takuti. Bagaimana kalau no satu pasti kejang2 ..Insya Allah Pak Anies Presiden 2024
marifatullahmy,Lah emang konsep perubahan yang di tawarkan oleh Ganjar dan Prabowo apa ya?
yosuadesandroo,"Sampai skrg saya bingung apa ide dan gagasan perubahan dari Anies? Sampai skrg ini, Anies masih berkutat menyinggung program program Jokowi belum ada suatu hal yang besar ide perubahan yang selalu diusung oleh Anies."
aufaruqi,Waktu mendekati pilkada DKI juga posisi elektabilitas Anies urutan ketiga. Itu hasil survei litbang kompas loh.
ununcinere,"Karna pak anis kaga punya duit buat nyewa lembaga survey yg setiap minggu keluar hasil survey,,,itu biayanya brp buat nyewa lembaga survey yg setiap minggu keluar hasil survey?????"
dariuschris97,+/- 25 % yang dukung anies  punya kepentingan / memang ga berpendidikan bisa kena tipu dia
musthofa_siregar,"Kalo emang survei elektabilitas ini bisa jadi acuan hasil akhir, harusnya ahok udah jadi gubernur DKI tahun 2017."
asamalau_,Ya simple. Karena kinerjanya tidak ada hasilğŸ˜‚ *logikanya
sahidku,pov: memasuki kawasan full merah
lagimanberly,Insya Allah Pak Anies Presiden  2024 ini akun bayaran dan survei bayaran
matius.rixardo,"Yuk survey kecil2an bandingin sama survey2 halu, yang pilih pemimpin cerdas Anies Baswedan senggol donk ğŸ‘ğŸ‘â˜•ğŸ§ "
mahani_kurniawati,Mari kita sama2 screenshot postingan ini dan kita repost nanti setelah pengumuman hasil pemilu 2024. Barangkali benar kan surveinya litbang Kompas. Survei tapi rasa rasa cenayang  ya ğŸ¤£
faizaljabri_,"Kenapa ga kunjung naik? Krn anis gapunya lembaga survey. Udahlah, jgn kalian pusing mau di pihak pro / kontra, intinya jgn munafik lah gausa sok naif bikin alasan ini itu dr jaman anis di pilgub pun survei litbang anis selalu ke3 kok tapi realita nya menang kan? Inget arteria dahlan keceplosan kl lembaga survey dibayar"
singgihwijanarko.d,Karna ini pilpres yg jadi pemilih seluruh warga indonesia bukan pigub yv milih seiman.
awanrahagung,"IMHO, Sebenernya takut proyek2/visi jangka panjang Jokowi nya jadi gk lanjut aja karna anies merupakan ""antitesis"" nya jokowi. Bagus atau tidaknya proyek/visi jangka panjang jokowi masih debatable, tp kalo tiap ganti presiden ganti2 haluan ya gabakal ada realisasi visi jangka panjang Indonesia."
metalkinshits,emang calon yg lain udh bawa konsep apa? ga kedengeran
yudimcp,Survenya dari mana kok bisa ganjar yg dominasi? Serius nanya
asanditriputra,Tak kunjung naik Karna tidak naik.
ajib390,Google trends lebih akurat datanya...dari pada lembaga survei yang di sewa
awkameak,"Males denger teori , sukanya praktek ğŸ”¥"
blogatadiken,"Kasihan bangsa ini, bukan program strategis apa yang mau ditawarkan, tapi malah diskusikan hasil surveiğŸ˜¢"
srahardjo_,"55,5% pendukung Anies org2 Cerdas jd td percaya dg survey sewaan"
alwi_ruhiyat14,"Ohhhhhh saya salah masuk ternyata, saya masuk ke kandang banteng"
syahrulhayadi,Posisi 3 Tp masih dijegal trus ya pak Aniesâ€¦..apa sebaliknya ya posisi 3 itu posisi 1
zaynmanagement.my.id,Dibayar brp lu
harpenaritonang,"Karena inilah Indonesia yang sesungguhnya, bukan spti Jakarta yang â€˜mungkinâ€™ bisa dimobilisasi."
daa.enda,Bukan gak naik tapi emang itu udah full kapasitasnya yah segitu ajah ğŸ˜‚ğŸ˜‚ğŸ˜‚
lalala_yeye_69,Kenapa? karena doi gapunya lembaga survey
deririfairachmat,Anies kesono kemarih cuma bisa ngeritik doang bro. Tapi Ngga ada Dagangan yang bisa di jual apalagi di terima  calon konsumen nya. Cuma bisa merangkai kata kata Doang udah gitu di usung Nasdem yang lagi pajiret benang kusut kader nya terindikasi KORUP. Balik kanan teratur aja WAN ANIES ...
dheafinition,pake nanyağŸ˜‚
fahmimoeh,"Ditengah masyarakat yg gak begitu suka baca dan lebih tertarik dengan hal2 visual, Ganjar dan Prabowo lebih ahlinya, sedikit membicarakan data, jaranga mengkritiki, tapi lebih sering tampil di media, mau beritanya buruk atau baik, atau biasa2 aja, jumlah mereka muncul di media nasional lebih banyak dari Anies."
briliyanmarco,"Percaya saja, biar seneng..heee.."
bobbyviefbra,"Dulu litbang kompas juga menempatkan anies sandi di posisi ketiga, tapi nyatanya menang jadi gubernur DKI, sekarang diulang lagi bikin survei menempatkan anies urutan ketiga tapi yang lebih lucunya banyak keledai yang percaya ğŸ˜‚ğŸ˜‚ğŸ˜‚"
latif_arif76,Survey hanya dimenangkan oleh siapa yg membayarnya
nuruddin_send,kalau selalu diposisi ke 3. kenapa pada ketakutan sama anies? ğŸ˜‚
okyabri,B aja soalnya
yoga_gnjoters,Lah? Kerjanya apaan emg?
adrian.adiarta,"Respondennya cuman 1000an, itupun d ambil dari orng2 partai juga ğŸ˜‚ğŸ˜‚ğŸ˜‚"
your_daddy217,"Terlepas dari kebenaran data, upaya kritik infrastrukturnya terlalu berani. Rakyat ga banyak yg peduli data, brandingnya pak Jokowi ya bapak infrastruktur, brarti infrastrukturnya bagus. Rakyat masih blum siap materi adu data dan kinerja, boring gan"
yodha1899,Sudah mentok
bekchoy,Apa yg mau diharapkan dr nganies?????
alfi.syhril,Asumsi? Yaa ganjar
lereynerk,yg survey kompas which is super reliable. yg komplen org kampungan gk jelas ğŸ˜‚
glorythunder_,namanya jg @asumsico media pendukung ganjar
aditya.sanchez,Karena Anies bisa menang di Jakarta saja karena alasanya Ahok kena kasus. Bukan karena beliau dinilai lebih baik memimpin jakarta ketimbang Ahok. Sudahlah jujur2an saja memang seperti itu keadaanya. Tapi syukur masyarakat sekarang lebih pintar. Saya rasa tanpa isu agama dulu Anies bakal susah untuk menang. Program yg terealisasikan dengan tidak bisa dilihat datanya.
fajar_ghosyiah,"Heh,wowkwowk waktu pilgub jakarta juga peringkat 3 muluğŸ˜‚ jadi jadi aja"
sigitpurwaginanjar99,"Menang survei kok bangga.. liat aja dilapangan, masyarakat Sdh mulai cerdas"
imamdjamaludin,"Hasil survey litbang kompas sebelum pilkada dki, ahy-silvi 37%, ahok-jarot 33%, anies-sandi 17% ğŸ˜‚ğŸ˜‚ğŸ˜‚ silahkan saja percaya survey biar hidup tambah ceria. ğŸ˜‚ğŸ˜‚ğŸ˜‚"
radenadindaaa,"Posisi ketiga terus, tapi kayaknya dijegal terus... kayak, why??? ğŸ˜‚"
2ndndnd_,"pernyataan seperti ini, jadi keinget sama pernyataan para pakar dan juga media soal pesimis nya formula E dapat digelar dalam jangka waktu 3 bulan.. padahal tinggal menikmati proses, nanti tanggal mainnya juga ada, kompetisi itu ga gegabah, harus secara matang dipikirkan.. saya yg mendukung anies aja ga ikutan satupun survei buat milih anies, karna buangÂ² waktu"
ununcinere,"Karna pak anis kaga punya duit buat nyewa lembaga survey yg setiap minggu keluar hasil survey,,,itu biayanya brp buat nyewa lembaga survey yg setiap minggu keluar hasil survey?????"
marifatullahmy,Lah emang konsep perubahan yang di tawarkan oleh Ganjar dan Prabowo apa ya?
musthofa_siregar,"Kalo emang survei elektabilitas ini bisa jadi acuan hasil akhir, harusnya ahok udah jadi gubernur DKI tahun 2017."
mahani_kurniawati,Mari kita sama2 screenshot postingan ini dan kita repost nanti setelah pengumuman hasil pemilu 2024. Barangkali benar kan surveinya litbang Kompas. Survei tapi rasa rasa cenayang  ya ğŸ¤£
lagimanberly,Tiga aja di jegal di takuti. Bagaimana kalau no satu pasti kejang2 ..Insya Allah Pak Anies Presiden 2024
aufaruqi,Waktu mendekati pilkada DKI juga posisi elektabilitas Anies urutan ketiga. Itu hasil survei litbang kompas loh.
yosuadesandroo,"Sampai skrg saya bingung apa ide dan gagasan perubahan dari Anies? Sampai skrg ini, Anies masih berkutat menyinggung program program Jokowi belum ada suatu hal yang besar ide perubahan yang selalu diusung oleh Anies."
sahidku,pov: memasuki kawasan full merah
asamalau_,Ya simple. Karena kinerjanya tidak ada hasilğŸ˜‚ *logikanya
awanrahagung,"IMHO, Sebenernya takut proyek2/visi jangka panjang Jokowi nya jadi gk lanjut aja karna anies merupakan ""antitesis"" nya jokowi. Bagus atau tidaknya proyek/visi jangka panjang jokowi masih debatable, tp kalo tiap ganti presiden ganti2 haluan ya gabakal ada realisasi visi jangka panjang Indonesia."
awkameak,"Males denger teori , sukanya praktek ğŸ”¥"
singgihwijanarko.d,Karna ini pilpres yg jadi pemilih seluruh warga indonesia bukan pigub yv milih seiman.
dariuschris97,+/- 25 % yang dukung anies  punya kepentingan / memang ga berpendidikan bisa kena tipu dia
metalkinshits,emang calon yg lain udh bawa konsep apa? ga kedengeran
asanditriputra,Tak kunjung naik Karna tidak naik.
ajib390,Google trends lebih akurat datanya...dari pada lembaga survei yang di sewa
yudimcp,Survenya dari mana kok bisa ganjar yg dominasi? Serius nanya
srahardjo_,"55,5% pendukung Anies org2 Cerdas jd td percaya dg survey sewaan"
faizaljabri_,"Kenapa ga kunjung naik? Krn anis gapunya lembaga survey. Udahlah, jgn kalian pusing mau di pihak pro / kontra, intinya jgn munafik lah gausa sok naif bikin alasan ini itu dr jaman anis di pilgub pun survei litbang anis selalu ke3 kok tapi realita nya menang kan? Inget arteria dahlan keceplosan kl lembaga survey dibayar"
lagimanberly,Insya Allah Pak Anies Presiden  2024 ini akun bayaran dan survei bayaran
matius.rixardo,"Yuk survey kecil2an bandingin sama survey2 halu, yang pilih pemimpin cerdas Anies Baswedan senggol donk ğŸ‘ğŸ‘â˜•ğŸ§ "
blogatadiken,"Kasihan bangsa ini, bukan program strategis apa yang mau ditawarkan, tapi malah diskusikan hasil surveiğŸ˜¢"
zaynmanagement.my.id,Dibayar brp lu
daa.enda,Bukan gak naik tapi emang itu udah full kapasitasnya yah segitu ajah ğŸ˜‚ğŸ˜‚ğŸ˜‚
alwi_ruhiyat14,"Ohhhhhh saya salah masuk ternyata, saya masuk ke kandang banteng"
harpenaritonang,"Karena inilah Indonesia yang sesungguhnya, bukan spti Jakarta yang â€˜mungkinâ€™ bisa dimobilisasi."
bobbyviefbra,"Dulu litbang kompas juga menempatkan anies sandi di posisi ketiga, tapi nyatanya menang jadi gubernur DKI, sekarang diulang lagi bikin survei menempatkan anies urutan ketiga tapi yang lebih lucunya banyak keledai yang percaya ğŸ˜‚ğŸ˜‚ğŸ˜‚"
latif_arif76,Survey hanya dimenangkan oleh siapa yg membayarnya
fahmimoeh,"Ditengah masyarakat yg gak begitu suka baca dan lebih tertarik dengan hal2 visual, Ganjar dan Prabowo lebih ahlinya, sedikit membicarakan data, jaranga mengkritiki, tapi lebih sering tampil di media, mau beritanya buruk atau baik, atau biasa2 aja, jumlah mereka muncul di media nasional lebih banyak dari Anies."
deririfairachmat,Anies kesono kemarih cuma bisa ngeritik doang bro. Tapi Ngga ada Dagangan yang bisa di jual apalagi di terima  calon konsumen nya. Cuma bisa merangkai kata kata Doang udah gitu di usung Nasdem yang lagi pajiret benang kusut kader nya terindikasi KORUP. Balik kanan teratur aja WAN ANIES ...
syahrulhayadi,Posisi 3 Tp masih dijegal trus ya pak Aniesâ€¦..apa sebaliknya ya posisi 3 itu posisi 1
lalala_yeye_69,Kenapa? karena doi gapunya lembaga survey
dheafinition,pake nanyağŸ˜‚
briliyanmarco,"Percaya saja, biar seneng..heee.."
bekchoy,Apa yg mau diharapkan dr nganies?????
lereynerk,yg survey kompas which is super reliable. yg komplen org kampungan gk jelas ğŸ˜‚
yoga_gnjoters,Lah? Kerjanya apaan emg?
adrian.adiarta,"Respondennya cuman 1000an, itupun d ambil dari orng2 partai juga ğŸ˜‚ğŸ˜‚ğŸ˜‚"
wedeweww,"Ayolah, gua udh Bet anis presiden 200 k, masa kalah Jonn, malu anzaiğŸ˜¢"
nuruddin_send,kalau selalu diposisi ke 3. kenapa pada ketakutan sama anies? ğŸ˜‚
okyabri,B aja soalnya
your_daddy217,"Terlepas dari kebenaran data, upaya kritik infrastrukturnya terlalu berani. Rakyat ga banyak yg peduli data, brandingnya pak Jokowi ya bapak infrastruktur, brarti infrastrukturnya bagus. Rakyat masih blum siap materi adu data dan kinerja, boring gan"
glorythunder_,namanya jg @asumsico media pendukung ganjar
rzkymaroqi,Tetap @alditaher.official for presiden
dze_newzaelans,Posisi buncit tpi di jegal trusss . aneh
ambar_p27,"Sabar pak anis, pendukungnya belum tampil, tunggu waktu, masih lama bulan feb 2024, biarkan mereka sibuk mengatur strategi, kalo memang takdir gak kemana"
yodha1899,Sudah mentok
_ahmadsupriyadii,Kenapa woii pada takut anies jadi president?
alfi.syhril,Asumsi? Yaa ganjar
mfaizal_as,"Hehehe, pasi fansnya bilang ""dijega"", "" Media ganjar"" ""Media jokowi"", banyak banget pembelaannyağŸ˜"
alifsyarifudin,gw kagak bakal milih ganjar ya sorry..
stock_grafis,"Kenapa yah hasil survei selalu di bawah ke 3,tp klo di itung setiap postingan manapun,selalu yg komen itu bnyak dukung Anis..apakah netizen ini ga bisa di lihat sebagai Sempel"
mebedah,Berdiam bukan berarti kalah ya
snditrmbd.29,"Jujur ya soal kinerja gua lebih milih di pimpin sama Ahok, tpi disisi lain ya gitu dah sulit dimengerti"
alexs.plastix,Ngak penting surve2nan... surve bisa di atur pesanan...buktikan siapa saja boleh jadi presiden...
nafislh,"""Lolo gabahaya ta"""
abdurrahmanmasilan,"Insyaallah pak Anis, RI 1"
imanuelriccijulian,"Cuma mau mengingatkan Anies Baswedan Berpesan kalau pilih pemimpin itu liat rekam jejaknya , mungkin beliau bermaksud kalau mendukung beliau kelompok2 Radikal Seperti HTI , FPI dan Ideologis Khilafah bisa di bangkitkan kembali dan akan diperlihara oleh beliau termasuk pentolan2 nya seperti habib Riziek , Bahar Smith , dll yg akan menjadi kebal hukum kalau anies baswedan seandainya jadi calon presiden"
basriwpakpahan,Pantas sih. Emang gak ada alasan kuat milih  ini.
byharts,kenapa ganjar ga turun?
alxbiasaja,Terlalu ngebet
hadicullen,Ya iyalah. Cuman orang guoblock aja yg mau Ama aniesğŸ˜‚
devis_rudiksa,Karna bacot doangğŸ˜‚
anjararizenta,Ya wajarâ€¦ omdo. Kakean omong tok lupa ngaca
ajii_ws,Teori doang sih.
almarhumahalmarhum,"Ide & gagasanya mentok di menjelekan capres lain, cuman ngandelin dagang agama ğŸ˜…ğŸ˜…ğŸ˜…"
_alvinpin_,Who?
kangedo16,kalo kang survey nya ini2 aja ya ga akan naik2..ğŸ˜‚
instafauzy,Suruh ngelenong aje
vincentius.danny,You know why
fikrirasendriyaa,Emang ada bedanya kah?
oesman_moehammad,"Tergantung presiden klo aproval rating masih tinggi ya anis nyungsep, logika angka klo 80% berarti 20% yg gak suka,,, itu aja masih nyebar suara2 nyaâ€¦ pemodal2 juga mikir drpd gambling, mending cari yg pastiâ€¦"
erry_milan27,Survei mulu.. Bosen
rahmat__effendi,Karepmu
ripal.jaa,ğŸ˜‚
ooktavianbr,"""belum rejeki"""
eatngotv,Krn doi kebanyakan bacot
ahmd_rifq_mubrk,Memang dri pilkada...urusan surpai surpei ga pernah menang....menang pas beneranya ajağŸ¤£ğŸ¤£ğŸ¤£
pakfik__,dia gak punya kerja nyata cuma mentok di retorika dan teori
indrianto_sucipto,"Mau elektabilitas tinggi, tapi logistic Anis kecil . Susah kemungkinan jadi"
192_khan,Krn tukang Sure Pay nya hanyalah para Penipu berkedok lembaga sure pay..ğŸ¤£ğŸ¤£
ibnubob711,#2024GanjarPresiden ğŸ”¥
haekalhakim,ANIES ğŸ‡®ğŸ‡©
pradikaakp,"Basi mau capres apapun ga jauh jauh bakal kaya Sekarang, ada pihak yang diuntungkan ada yang bakal di rugikan banget dalam satu dan lain hal."
iam.kugy,ğŸ˜‚ğŸ˜‚
m_irsaqi,Karena dia gak layak jadi presiden
rofii611,"Iya bang iya,elu bener banget dah.ğŸ˜‚"
hfzkbr,fak pencitraan
kopipikoe,Alhamdulillah. Semoga turun terus.
enggun07,"Inti nya Pilpres nanti itu lingkup nya luas,,seluruh wilayah/pulau yg tersebar di indonesia.
Jadi masyarakat pun tau,,siapa nanti pilihan terbaik nya.,
*intinya cukup Kota Jakarta yg pernah di pimpin Anies.
Indonesia Raya tercinta jangan.
Sudah itu aja komen dari saya.
Terima kasih atas waktu nya untuk membaca komenan sayağŸ˜ğŸ˜"
taqy_ameer,asumso banteng ekwkwkğŸ™ŒğŸ”¥
randirahamad,2024 saya pilih anis
dikachampion,Suruh ngaca aja kenapa ğŸ˜‚
ardisaputra3710,"Surveynya dmn om aku nggak pernah d survey,,dan sepertinya akun ini menjatuhkan anies terus dan selalu memuji pdip atau lawan anies"
bayu_boyker23,Gak usah banyak cakap jelas Anies untuk 2024 presiden
wen_wen_official99,Maap gua Milih pak GanjarğŸ‘ŠğŸ‘Š
ganda.prisma.putra,Naik kok. Juara malah.. di polling ILC sama CNBC :D
selvyn17,Kawasan redbull
adi_lamima,Masyarakat udah pinter ğŸ˜‚
dudechilloutt,
wenjimmy.id,Jaman sekarang mana ada yg mau beli kucing dalam karung
bang_baron_666,Laskar belum otewe sih...
asrofims,Maaf gk percaya lagi sama lembaga survey ğŸ˜¢
aakholiq_,Ya karena lu dan antek2 settingnya kaya gt ğŸ˜‚
iamprime297,"Jika ingin merubah pandangan politik masyarakat, memang butuh lebih dari sekedar momentum. Kalaupun nanti pak Anies gk masuk putaran kedua, bukan berarti dua calon lain bisa tenang karena ngerebut suara pendukung pak anies yang notabene nya masyarakat oposan agak sulit bagi mereka yang dianggap sebagai pihak orang dalam pemerintah"
hamidi.rukyal,asumsi freming
masgie969,Udah jelas2 di No 3..kenapa Penguasa dan Cebong2 masih aja Panik dan nyebar HOAX ke Anies yaaak....??? Lucu Bin Ajaib... atau jangan2 aslinya sebaliknya ğŸ˜‚ğŸ˜‚ğŸ˜‚
rhus_isn,Karena orang Indonesia butuh presiden bukan onta
santuyliving25,Tanya @susunpolitik aja
djayaputro,Lah gagasanya bukannya udah ada yaitu nyinyir terus ke pemerintahan presiden jokowi ğŸ˜‚ğŸ˜‚ğŸ˜‚ heran ga mau belajar padahal pak prabski 2x gagal.pilpres karena anak buahnya sibuk nyinyir bukannya ngasih gagasan dan herannya masih di tiru skrang hal2 kek gitu sama anis ya jelas elektabilitasnya sgitu2 aja dan basis pemilihnya ya itu2 aja masyrakat dengan sentimen agama
rosyd.14,KUALITAS bukan KUANTITAS
putubagusjy,"Kenapa digambar ini nomor 1 dan 2 nya tanda tanya, karrna berdasarkan survey Pak @prabowo lebih unggul dari pada @ganjar_pranowo . Cek disini gais ğŸ˜‚ğŸ˜‚ğŸ˜‚ https://news.detik.com/pemilu/d-6738269/ganjar-respons-santai-prabowo-unggul-di-survei-capres-litbang-kompas/amp#amp_tf=Dari%20%251%24s&aoh=16850208101100&referrer=https%3A%2F%2Fwww.google.com"
sakera_kejawen,"Kalo saya boleh nulis,kok ada ya yang masih berpihak pada pak anisğŸ˜‚ itu pertanyaan saya"
mdneffendi,"SESUAI PESANAN, saya saja gak pernah ngisi SURVEI"
headi_satya,Anis gapunya duit buat bayar kang surveiğŸ˜‚
elvanrs11,Mau nyoba prabowo .. 2x milih pakde
sixmicare,"Karena asumsi media yg pro ke Ganjar, jadi Anis paling bawah, cuaaaaahks, cuih."
pouminee,Blom ngeluarin ulti politik identitasğŸ˜‚
post.ID,Caption,Likes
3110459107111173370,"Berdasarkan survei elektabilitas capres yang dirilis oleh Litbang Kompas sejak tahun 2022 hingga Mei 2023 ini, Anies Baswedan konsisten menempati posisi nomor urut ketiga di bawah Ganjar Pranowo dan Prabowo Subianto. Tidak ada perubahan yang signifikan jika dilihat dari rentang pergeseran angka elektabilitas tiap periode surveinya. Berbeda dengan capres lainnya, dalam simulasi tiga nama, Anies tidak pernah mencapai angka elektabilitas 30 persen sama sekali.

Menurut beberapa pengamat politik, hal ini disebabkan oleh beberapa faktor, di antaranya terkait konsep perubahan yang belum secara jelas diungkapkannya, belum dideklarasikannya cawapres pendamping, adanya perubahan soliditas basis massa partai, elektabilitas yang berbanding terbalik dengan approval rating Presiden Jokowi, hingga penilaian Anies sebagai antitesis Jokowi.

#SurveiCapres2024 #AniesBaswedan #SurveiLitbangKompas #Pemilu2024 #Asumsico",5754
Username,Comment
aditya.sanchez,Karena Anies bisa menang di Jakarta saja karena alasanya Ahok kena kasus. Bukan karena beliau dinilai lebih baik memimpin jakarta ketimbang Ahok. Sudahlah jujur2an saja memang seperti itu keadaanya. Tapi syukur masyarakat sekarang lebih pintar. Saya rasa tanpa isu agama dulu Anies bakal susah untuk menang. Program yg terealisasikan dengan tidak bisa dilihat datanya.
radenadindaaa,"Posisi ketiga terus, tapi kayaknya dijegal terus... kayak, why??? ğŸ˜‚"
fajar_ghosyiah,"Heh,wowkwowk waktu pilgub jakarta juga peringkat 3 muluğŸ˜‚ jadi jadi aja"
imamdjamaludin,"Hasil survey litbang kompas sebelum pilkada dki, ahy-silvi 37%, ahok-jarot 33%, anies-sandi 17% ğŸ˜‚ğŸ˜‚ğŸ˜‚ silahkan saja percaya survey biar hidup tambah ceria. ğŸ˜‚ğŸ˜‚ğŸ˜‚"
sigitpurwaginanjar99,"Menang survei kok bangga.. liat aja dilapangan, masyarakat Sdh mulai cerdas"
2ndndnd_,"pernyataan seperti ini, jadi keinget sama pernyataan para pakar dan juga media soal pesimis nya formula E dapat digelar dalam jangka waktu 3 bulan.. padahal tinggal menikmati proses, nanti tanggal mainnya juga ada, kompetisi itu ga gegabah, harus secara matang dipikirkan.. saya yg mendukung anies aja ga ikutan satupun survei buat milih anies, karna buangÂ² waktu"
lagimanberly,Tiga aja di jegal di takuti. Bagaimana kalau no satu pasti kejang2 ..Insya Allah Pak Anies Presiden 2024
marifatullahmy,Lah emang konsep perubahan yang di tawarkan oleh Ganjar dan Prabowo apa ya?
yosuadesandroo,"Sampai skrg saya bingung apa ide dan gagasan perubahan dari Anies? Sampai skrg ini, Anies masih berkutat menyinggung program program Jokowi belum ada suatu hal yang besar ide perubahan yang selalu diusung oleh Anies."
aufaruqi,Waktu mendekati pilkada DKI juga posisi elektabilitas Anies urutan ketiga. Itu hasil survei litbang kompas loh.
ununcinere,"Karna pak anis kaga punya duit buat nyewa lembaga survey yg setiap minggu keluar hasil survey,,,itu biayanya brp buat nyewa lembaga survey yg setiap minggu keluar hasil survey?????"
dariuschris97,+/- 25 % yang dukung anies  punya kepentingan / memang ga berpendidikan bisa kena tipu dia
musthofa_siregar,"Kalo emang survei elektabilitas ini bisa jadi acuan hasil akhir, harusnya ahok udah jadi gubernur DKI tahun 2017."
asamalau_,Ya simple. Karena kinerjanya tidak ada hasilğŸ˜‚ *logikanya
sahidku,pov: memasuki kawasan full merah
mahani_kurniawati,Mari kita sama2 screenshot postingan ini dan kita repost nanti setelah pengumuman hasil pemilu 2024. Barangkali benar kan surveinya litbang Kompas. Survei tapi rasa rasa cenayang  ya ğŸ¤£
matius.rixardo,"Yuk survey kecil2an bandingin sama survey2 halu, yang pilih pemimpin cerdas Anies Baswedan senggol donk ğŸ‘ğŸ‘â˜•ğŸ§ "
awanrahagung,"IMHO, Sebenernya takut proyek2/visi jangka panjang Jokowi nya jadi gk lanjut aja karna anies merupakan ""antitesis"" nya jokowi. Bagus atau tidaknya proyek/visi jangka panjang jokowi masih debatable, tp kalo tiap ganti presiden ganti2 haluan ya gabakal ada realisasi visi jangka panjang Indonesia."
singgihwijanarko.d,Karna ini pilpres yg jadi pemilih seluruh warga indonesia bukan pigub yv milih seiman.
faizaljabri_,"Kenapa ga kunjung naik? Krn anis gapunya lembaga survey. Udahlah, jgn kalian pusing mau di pihak pro / kontra, intinya jgn munafik lah gausa sok naif bikin alasan ini itu dr jaman anis di pilgub pun survei litbang anis selalu ke3 kok tapi realita nya menang kan? Inget arteria dahlan keceplosan kl lembaga survey dibayar"
asanditriputra,Tak kunjung naik Karna tidak naik.
metalkinshits,emang calon yg lain udh bawa konsep apa? ga kedengeran
yudimcp,Survenya dari mana kok bisa ganjar yg dominasi? Serius nanya
ajib390,Google trends lebih akurat datanya...dari pada lembaga survei yang di sewa
awkameak,"Males denger teori , sukanya praktek ğŸ”¥"
blogatadiken,"Kasihan bangsa ini, bukan program strategis apa yang mau ditawarkan, tapi malah diskusikan hasil surveiğŸ˜¢"
srahardjo_,"55,5% pendukung Anies org2 Cerdas jd td percaya dg survey sewaan"
alwi_ruhiyat14,"Ohhhhhh saya salah masuk ternyata, saya masuk ke kandang banteng"
zaynmanagement.my.id,Dibayar brp lu
lalala_yeye_69,Kenapa? karena doi gapunya lembaga survey
daa.enda,Bukan gak naik tapi emang itu udah full kapasitasnya yah segitu ajah ğŸ˜‚ğŸ˜‚ğŸ˜‚
harpenaritonang,"Karena inilah Indonesia yang sesungguhnya, bukan spti Jakarta yang â€˜mungkinâ€™ bisa dimobilisasi."
syahrulhayadi,Posisi 3 Tp masih dijegal trus ya pak Aniesâ€¦..apa sebaliknya ya posisi 3 itu posisi 1
dheafinition,pake nanyağŸ˜‚
deririfairachmat,Anies kesono kemarih cuma bisa ngeritik doang bro. Tapi Ngga ada Dagangan yang bisa di jual apalagi di terima  calon konsumen nya. Cuma bisa merangkai kata kata Doang udah gitu di usung Nasdem yang lagi pajiret benang kusut kader nya terindikasi KORUP. Balik kanan teratur aja WAN ANIES ...
briliyanmarco,"Percaya saja, biar seneng..heee.."
bobbyviefbra,"Dulu litbang kompas juga menempatkan anies sandi di posisi ketiga, tapi nyatanya menang jadi gubernur DKI, sekarang diulang lagi bikin survei menempatkan anies urutan ketiga tapi yang lebih lucunya banyak keledai yang percaya ğŸ˜‚ğŸ˜‚ğŸ˜‚"
latif_arif76,Survey hanya dimenangkan oleh siapa yg membayarnya
fahmimoeh,"Ditengah masyarakat yg gak begitu suka baca dan lebih tertarik dengan hal2 visual, Ganjar dan Prabowo lebih ahlinya, sedikit membicarakan data, jaranga mengkritiki, tapi lebih sering tampil di media, mau beritanya buruk atau baik, atau biasa2 aja, jumlah mereka muncul di media nasional lebih banyak dari Anies."
nuruddin_send,kalau selalu diposisi ke 3. kenapa pada ketakutan sama anies? ğŸ˜‚
okyabri,B aja soalnya
yoga_gnjoters,Lah? Kerjanya apaan emg?
adrian.adiarta,"Respondennya cuman 1000an, itupun d ambil dari orng2 partai juga ğŸ˜‚ğŸ˜‚ğŸ˜‚"
lagimanberly,Insya Allah Pak Anies Presiden  2024 ini akun bayaran dan survei bayaran
yodha1899,Sudah mentok
lereynerk,yg survey kompas which is super reliable. yg komplen org kampungan gk jelas ğŸ˜‚
bekchoy,Apa yg mau diharapkan dr nganies?????
your_daddy217,"Terlepas dari kebenaran data, upaya kritik infrastrukturnya terlalu berani. Rakyat ga banyak yg peduli data, brandingnya pak Jokowi ya bapak infrastruktur, brarti infrastrukturnya bagus. Rakyat masih blum siap materi adu data dan kinerja, boring gan"
wedeweww,"Ayolah, gua udh Bet anis presiden 200 k, masa kalah Jonn, malu anzaiğŸ˜¢"
glorythunder_,namanya jg @asumsico media pendukung ganjar
alfi.syhril,Asumsi? Yaa ganjar
dze_newzaelans,Posisi buncit tpi di jegal trusss . aneh
_ahmadsupriyadii,Kenapa woii pada takut anies jadi president?
nafislh,"""Lolo gabahaya ta"""
alifsyarifudin,gw kagak bakal milih ganjar ya sorry..
rzkymaroqi,Tetap @alditaher.official for presiden
ambar_p27,"Sabar pak anis, pendukungnya belum tampil, tunggu waktu, masih lama bulan feb 2024, biarkan mereka sibuk mengatur strategi, kalo memang takdir gak kemana"
imanuelriccijulian,"Cuma mau mengingatkan Anies Baswedan Berpesan kalau pilih pemimpin itu liat rekam jejaknya , mungkin beliau bermaksud kalau mendukung beliau kelompok2 Radikal Seperti HTI , FPI dan Ideologis Khilafah bisa di bangkitkan kembali dan akan diperlihara oleh beliau termasuk pentolan2 nya seperti habib Riziek , Bahar Smith , dll yg akan menjadi kebal hukum kalau anies baswedan seandainya jadi calon presiden"
stock_grafis,"Kenapa yah hasil survei selalu di bawah ke 3,tp klo di itung setiap postingan manapun,selalu yg komen itu bnyak dukung Anis..apakah netizen ini ga bisa di lihat sebagai Sempel"
snditrmbd.29,"Jujur ya soal kinerja gua lebih milih di pimpin sama Ahok, tpi disisi lain ya gitu dah sulit dimengerti"
basriwpakpahan,Pantas sih. Emang gak ada alasan kuat milih  ini.
alexs.plastix,Ngak penting surve2nan... surve bisa di atur pesanan...buktikan siapa saja boleh jadi presiden...
abdurrahmanmasilan,"Insyaallah pak Anis, RI 1"
mebedah,Berdiam bukan berarti kalah ya
byharts,kenapa ganjar ga turun?
mfaizal_as,"Hehehe, pasi fansnya bilang ""dijega"", "" Media ganjar"" ""Media jokowi"", banyak banget pembelaannyağŸ˜"
devis_rudiksa,Karna bacot doangğŸ˜‚
_alvinpin_,Who?
anjararizenta,Ya wajarâ€¦ omdo. Kakean omong tok lupa ngaca
ajii_ws,Teori doang sih.
alxbiasaja,Terlalu ngebet
almarhumahalmarhum,"Ide & gagasanya mentok di menjelekan capres lain, cuman ngandelin dagang agama ğŸ˜…ğŸ˜…ğŸ˜…"
kangedo16,kalo kang survey nya ini2 aja ya ga akan naik2..ğŸ˜‚
hadicullen,Ya iyalah. Cuman orang guoblock aja yg mau Ama aniesğŸ˜‚
instafauzy,Suruh ngelenong aje
vincentius.danny,You know why
fikrirasendriyaa,Emang ada bedanya kah?
oesman_moehammad,"Tergantung presiden klo aproval rating masih tinggi ya anis nyungsep, logika angka klo 80% berarti 20% yg gak suka,,, itu aja masih nyebar suara2 nyaâ€¦ pemodal2 juga mikir drpd gambling, mending cari yg pastiâ€¦"
erry_milan27,Survei mulu.. Bosen
rahmat__effendi,Karepmu
ripal.jaa,ğŸ˜‚
ooktavianbr,"""belum rejeki"""
eatngotv,Krn doi kebanyakan bacot
ahmd_rifq_mubrk,Memang dri pilkada...urusan surpai surpei ga pernah menang....menang pas beneranya ajağŸ¤£ğŸ¤£ğŸ¤£
pakfik__,dia gak punya kerja nyata cuma mentok di retorika dan teori
indrianto_sucipto,"Mau elektabilitas tinggi, tapi logistic Anis kecil . Susah kemungkinan jadi"
192_khan,Krn tukang Sure Pay nya hanyalah para Penipu berkedok lembaga sure pay..ğŸ¤£ğŸ¤£
ibnubob711,#2024GanjarPresiden ğŸ”¥
haekalhakim,ANIES ğŸ‡®ğŸ‡©
pradikaakp,"Basi mau capres apapun ga jauh jauh bakal kaya Sekarang, ada pihak yang diuntungkan ada yang bakal di rugikan banget dalam satu dan lain hal."
iam.kugy,ğŸ˜‚ğŸ˜‚
m_irsaqi,Karena dia gak layak jadi presiden
rofii611,"Iya bang iya,elu bener banget dah.ğŸ˜‚"
hfzkbr,fak pencitraan
kopipikoe,Alhamdulillah. Semoga turun terus.
enggun07,"Inti nya Pilpres nanti itu lingkup nya luas,,seluruh wilayah/pulau yg tersebar di indonesia.
Jadi masyarakat pun tau,,siapa nanti pilihan terbaik nya.,
*intinya cukup Kota Jakarta yg pernah di pimpin Anies.
Indonesia Raya tercinta jangan.
Sudah itu aja komen dari saya.
Terima kasih atas waktu nya untuk membaca komenan sayağŸ˜ğŸ˜"
taqy_ameer,asumso banteng ekwkwkğŸ™ŒğŸ”¥
randirahamad,2024 saya pilih anis
dikachampion,Suruh ngaca aja kenapa ğŸ˜‚
ardisaputra3710,"Surveynya dmn om aku nggak pernah d survey,,dan sepertinya akun ini menjatuhkan anies terus dan selalu memuji pdip atau lawan anies"
bayu_boyker23,Gak usah banyak cakap jelas Anies untuk 2024 presiden
wen_wen_official99,Maap gua Milih pak GanjarğŸ‘ŠğŸ‘Š
ganda.prisma.putra,Naik kok. Juara malah.. di polling ILC sama CNBC :D
selvyn17,Kawasan redbull
adi_lamima,Masyarakat udah pinter ğŸ˜‚
dudechilloutt,
wenjimmy.id,Jaman sekarang mana ada yg mau beli kucing dalam karung
bang_baron_666,Laskar belum otewe sih...
asrofims,Maaf gk percaya lagi sama lembaga survey ğŸ˜¢
aakholiq_,Ya karena lu dan antek2 settingnya kaya gt ğŸ˜‚
iamprime297,"Jika ingin merubah pandangan politik masyarakat, memang butuh lebih dari sekedar momentum. Kalaupun nanti pak Anies gk masuk putaran kedua, bukan berarti dua calon lain bisa tenang karena ngerebut suara pendukung pak anies yang notabene nya masyarakat oposan agak sulit bagi mereka yang dianggap sebagai pihak orang dalam pemerintah"
hamidi.rukyal,asumsi freming
masgie969,Udah jelas2 di No 3..kenapa Penguasa dan Cebong2 masih aja Panik dan nyebar HOAX ke Anies yaaak....??? Lucu Bin Ajaib... atau jangan2 aslinya sebaliknya ğŸ˜‚ğŸ˜‚ğŸ˜‚
rhus_isn,Karena orang Indonesia butuh presiden bukan onta
santuyliving25,Tanya @susunpolitik aja
djayaputro,Lah gagasanya bukannya udah ada yaitu nyinyir terus ke pemerintahan presiden jokowi ğŸ˜‚ğŸ˜‚ğŸ˜‚ heran ga mau belajar padahal pak prabski 2x gagal.pilpres karena anak buahnya sibuk nyinyir bukannya ngasih gagasan dan herannya masih di tiru skrang hal2 kek gitu sama anis ya jelas elektabilitasnya sgitu2 aja dan basis pemilihnya ya itu2 aja masyrakat dengan sentimen agama
rosyd.14,KUALITAS bukan KUANTITAS
putubagusjy,"Kenapa digambar ini nomor 1 dan 2 nya tanda tanya, karrna berdasarkan survey Pak @prabowo lebih unggul dari pada @ganjar_pranowo . Cek disini gais ğŸ˜‚ğŸ˜‚ğŸ˜‚ https://news.detik.com/pemilu/d-6738269/ganjar-respons-santai-prabowo-unggul-di-survei-capres-litbang-kompas/amp#amp_tf=Dari%20%251%24s&aoh=16850208101100&referrer=https%3A%2F%2Fwww.google.com"
sakera_kejawen,"Kalo saya boleh nulis,kok ada ya yang masih berpihak pada pak anisğŸ˜‚ itu pertanyaan saya"
mdneffendi,"SESUAI PESANAN, saya saja gak pernah ngisi SURVEI"
headi_satya,Anis gapunya duit buat bayar kang surveiğŸ˜‚
elvanrs11,Mau nyoba prabowo .. 2x milih pakde
sixmicare,"Karena asumsi media yg pro ke Ganjar, jadi Anis paling bawah, cuaaaaahks, cuih."
pouminee,Blom ngeluarin ulti politik identitasğŸ˜‚
pgkprnmsr,Aku ra percayağŸ˜‚
hendro_langitan,"Capres di Sokong kelompok Intoleran radikal khilafah loverss yaa mana mungkin jadi presiden ğŸ¤£ğŸ¤£ğŸ¤£ Lihat Prabowo setelah terbebas dari kelompok"" radikal sekarang Prabowo berpeluang untuk jadi presiden di 2024"
xibhuryan,Pake strategi agama yg tertindas. Yakin gw...
chaeimmortal,siapapun yang diusung golkar pasti menang.
jackajacka010,Kalau sdh tdk ada kepercayaan apapun yang disampaikan kepada masyarakat tetap sdh tdk mendpt perhatian lagi
dikamahardika86,MantapppppğŸ”¥ğŸ”¥ğŸ”¥
kuedongkall,Bodoamat survay survey survay survey... Yg di survey kaga tau siapa aja wkwkwkw
warazh,apasih g bakal jg gw milih ganjar
widi_art_o,Menurut saya slide ke 5 dan 6 yang sangat berpengaruh di masyarakat
mhmmdzainalzayn,Sumsi tetek bengek
maulanafarhan66,"HAHAHAHA.. HANYA ASUMSI KO , BUKAN KENYATAAN NYA ğŸ¤ªğŸ¤ªğŸ¤ª"
yoseph_humanrights,Survey jmbt bayaran. Kapan lo di survey?ğŸ˜‚
jhona9557,Selama saya hidup 30 tahun di bumi ini ko saya ka pernah meresa kena survey kaya gini...... ini penyelegara survey siapa sih penasaran
beneh.id,Karena kurang M
andanuf13,They don't believe it min. Udh di keep aja hasil survei nya wkwk kita liat di debat capres nanti. ğŸ”¥
umkm.bekasi,"Coba asumsi bikin survey mandiri, pasti hasilnya berbanding terbalik. Paham kan."
tiffanyputri1011,Belum keluarin konsep karena belum masa kampanye. Survey ilc malah Anies yg menang. Lembaga survey sekarang ga bisa d jadikan acuan
mashabi3,kebalik kali persentasenya yang putih...
adaical_,Jual omongan doangğŸ˜‚
bbaahhaaggiiaa,sopo se anies iki ğŸ¤£
abayseventeen,Kalo surveinya bener kok pada ketakutan dan jagal sana jagal sini ya?
eka_elisabeth,Naik naik ke puncak gunungâ€¦. Tinggi tinggi sekali ğŸ˜…ğŸ˜…
koestadji,yaiyalah ini asumsi
syifael_qolbii,"Kan katanya ""untuk keliling RI sy akui sy kalah, tp untuk trobosan sy maju"" Kurleb bgtuğŸ˜‚"
bagaswdy,namanya juga ASUMSI
ikhtiarkan165,Anis for RI 1...
kka.ula.3,"Yg aslinya tidak seperti itu,survey bisa di buat"" bisa di pesen siapapun.."
charlessulaiman,Anies jarang mandi kyny
chanputr4,Omdo
ombudsol,"Kalau @aniesbaswedan GAK POPULER dan gak menarik, kenapa @jokowi mutar muter ngatur koalisi? GITU AJA LOGIKA nya. ğŸ˜‚ğŸ˜‚ğŸ˜‚ğŸ˜‚ğŸ˜‚"
lillo_ahmad,Anies isone CUAN GKEMAN......!!!!!
galih.pngst,alasan kuat milih anies kan emang karna 1 kelompok aja
mas.pras__,Kita  bicara fakta dan data bukan retorika belaka ğŸ™Œ
imoynimous,Ya media
alphrzee,Yang dukung anies ya orang dari golongan itu2 aja
ari_yusanto,Pa hj @pebriawan_wisnu_murti
hasanuoo,"Seru baca komenan2nya, sudah terliat kecenderungan basis calon, padahal masih 1tahunan masa jabatan presiden skrgg..."
ari_aditya,Masyarakat indonesia ga percaya survey
hrsi.m,Bismillah anis menang pilpresğŸ”¥ğŸ”¥ tak peduli apa kata bazerğŸ”¥ğŸ”¥
hrsi.m,Oo bagus brooğŸ”¥
panjiadityaa,Yang pasti ini media tidak netral
rahmat_hidayat_syarwani17,"Gatau kenapa ga kunjung naik, tapi yg jadi presiden keknya nnti pak Anies.ğŸ˜‚"
saptianangga,Wkwk selalu anis di cegal mlh mkin bnyk org peduli
fjar.fr,"Padahal posisi ke ""3"" Tapi kenapa di goreng terus ya? Ada yang panik?"
gunng.d.limunthe,"ğŸ£ğŸ¤ğŸ¥nitip ini dulu tahun depan saya balik lagi, sekalian buktikan kesini kalo survey tipu-tipu ini hasilnya berbanding terbalikğŸ—¿"
wahyuagustrianto,"nanti konsep nya di copy ,, terus yang bicara orang banteng ğŸ˜‚"
tengkuhaidi,"Lawan anies ga ada yang bisa di 212 kan ğŸ˜‚, dan ga bisa di cap anti islam sebagainya ğŸ˜‚"
soetantobolenx,Ini yg dl survey nya meleset ya
hardianpr,ğŸ˜‚ğŸ˜‚ğŸ˜‚ surpaii syurrrpaii syurrr...
jamrud_kh,@piscisaan  kasih paham penelitian kita aowkwoww
abangsal,"Ini media keliatan bngt condong kemananya, diliat dari tiap posting"
lukaselniwan,Tolong warga jakarta jujur..... Memuaskan kah anies??? ğŸ˜®
iqbaalyahyaa,ganjar padahal petugas partai ngapa dibikin 1 terusğŸ¤”
chandratamaaa,orapopo.. sing penting mene tak coblos ğŸ˜‚
rossashb,ğŸ˜‚ğŸ˜‚
lknhakimm,"Bodo amattt, mau naik atau turun ğŸ˜‚ğŸ˜‚ğŸ˜‚, ga nyapress juga terserah dia, seriusan... Ngapain ngurusin hidup orang ğŸ˜‚ğŸ˜‚ğŸ˜‚,"
fashbir123,Kurangnya blow up ke medsos
rickytinq,kalau u paham u pasti punya pilihan yg tepat wkwkwk
jeason560,"PERUBAHAN DAN PERBAIKAN!!!!! RUBAH ITU ADALAH MUSANG DAN BAIK ITU HATI , JADI KESIMPULANNYA MUSANG BERBAIK HATI ğŸ˜‚"
hanyutolehminiatur,Alhamdulillah rakyat pintar ğŸ‘ğŸ‘
edi_herman,"KARENA ANIES KOKEN CANGKEMğŸ˜‚ğŸ˜‚ğŸ˜‚ğŸ˜‚ , ALIAS CANGKKEMAN TOKğŸ˜‚ğŸ˜‚"
nanang_efendi_devmayrey,"Dari ketiga2nya,,,blom ada yg memuaskan performany,,sama 11 12,paling nanti bukan adu progam n kinerja,rencana2 ke depan tapi fitnah2an saling menjatuhkanğŸ™„"
ragilwidodo_st,Demi kepentingan bangsa dan negara
dedemerdeka,hari gini masih percaya survei?????????
yomanyamin,Lbih percaya survey goggle daripada survey bayaran begini  awikwok ğŸ˜‚ yang di survey cuman kelompok maupun golongannya aja
dhany_indra07,Buseett.. kerdus digembok aja bisa mereka atur.. apalagi surpay surpey ginian. ğŸ˜‚
waras.nesia,Jadi inget survey pilkada dki 2017. Ada yg sampe sesumbar krn surve nya tinggi terus ; Hanya Tuhan yg bisa mengalahkan dia jadi gubernur .. ğŸ˜‚ğŸ˜‚ğŸ˜‚ Masih percaya surve ??? ğŸ˜‚ğŸ˜‚
_thepatient31,orang cerdas tahu siapa yg (akan) dipilih nanti ğŸ‘
novil_syam,SAYA LEBIH PERCAYA TUKANG SULAP DARI PADA TUKANG SURVEI. (Alm. Ridwan saidi)
despiaditya,Mulai dahğŸ˜‚
thetrvegaluhsonadji,POLITIK IDENTITAS !!!
zaynmanagement.my.id,"Baru deklarasi udah open insight. Dengar diduga PDIP tidak diinginkan kembali berkuasa. Ego nya sampai enggan masuk koalisi karena Aji Mumpung ada kekuasaan pada anggota yaitu presiden jokowidodo. Maka dari itu hasil survay survey udah gak worth it di era skrg. Dulu memang era nya survey agar suara lebih condong kepada presentase terbesar, itu merupakan gelombang massal secara survey. Beda era skrg punya mata dan pintar utk membedakan. Khususnya PDIP tidak menyuarakan atau prioritas kepentingan rakyat. Sadarilah PDIP tumbang 2024.ğŸ”¥"
danielbharac,omong kosong sih
mlotss,"Pengamat politiknya dari kader pdip, lembaga surveynya juga milik mereka. Emang sih media itu adalah alat saling menjatuhkan sama lain."
setiaindahazzahra,"Survei itu tergantung siapa yang punya dan bisa bayar. Gini baiknya Asumsi buat aja sekarang polling IG di story, followernya juga udah banyak dari berbagai kalangan, nanti kalo hasilnya sesuai urutan diatas mungkin baru bisa dipercaya itu survei â¤ï¸"
tmrakw,"Kebijakan Anies di Jakarta seperti DP 0 % ternyata khusus bergaji 7 juta bukan menengah kebawah, mengubah nama jalan sangat merepotkan"
sujarwoceplys,"In shaa allah rakyat yg tidak terkena survey itu luar biasa banyaknya dan jujur saja tetap siap memenangkan anies, gitu aja koq repot."
su_hu_di,Bikin mual langsung muntah min hasil surveynya ğŸ¤¢ğŸ¤®ğŸ¤®ğŸ¤®ğŸ¤®ğŸ¤®... Bener2 kagak ada malunya Luh min min... ğŸ¤®ğŸ¤£
mbaeh040,Yodish udah main aman ğŸ˜‚
deantymr,Gemes amat bikin headline min
rubby295,"Anies ngomongnya muterâ€™ jadi males kwkwkwkw . Ganjar jiwa melayani , prabowo sosok tegas"
usmansarmina,"ğŸ˜‚ğŸ˜‚ğŸ˜‚ Dki aja bisa menang, erdogan aja survey abal2nya diposisi tiga, setelah dihitung manual, erdogan menang telaakk ğŸ˜‚ğŸ˜‚ surveynya giring opini seolah olah ganjar sdh diatas, survey kok dipercaya kebalik ganjar itu posisitiga terbawah, liat aja nnti debat pasti ganjar gak bisa apa2 alias keookk ğŸ˜‚ğŸ˜‚ğŸ˜‚"
wahyuazizprahyudi,Ikn
marzan2711,Ada calon lain ngga sih?
sukakgbt,Karena Itu Setingan Kali Kita Gak Bodoh Bodoh Amat ğŸ˜‚
mannimn_,@gari_fajar karena rekam jejak kalah sma rekam posting @alditaher.official ğŸ˜¢ @aniesbaswedan ğŸ˜¢
irfan_zahardian,Banyakan ngomong
ngrhsaka,Karena jelek kan
tiieellsary,Survei pesanan ğŸ˜‚ğŸ˜‚ğŸ˜‚
nidalbafadhal,ğŸ˜‚
nidalbafadhal,"Kloa urutan nya no 3 , jangan jegal pak anis,  hegal pak prabwo aja dong"
agungdj31,Ya kali suka Halu.. ğŸ˜‚
ronbimawi,Karena eh karena
jacksam395_jakarta_,"Hasil penelitian liatnya pakai kacamata kuda ya bos, mikir"
misjuhana,Kurang memukau seperti nya ğŸ˜¬
therifkimaul,pange pange..
silalahibrevard,Kerjanya tidak ada yg beres. Lihat Jakarta ğŸ™Œ
tsabitqaish,Hahahha survei abal abal ğŸ˜‚
arabia_urawa,Tenang waktu yg akan menjawab...anies bisağŸ‘
wadinataa,"Konsep perubahan, visi nya apa, masih blm jelas. Sedangkan track record cara dia menang di jkt juga kita paham. Anti oligarki, yakin? Yg ada dia dibawa oligarki baru nasdem, pks dan demokrat."
